versão,pos,team,flag,champ,final,semi,qf,r16,r32
Antes da data FIFA,1,Espanha,https://raw.githubusercontent.com/hampusborgos/country-flags/refs/heads/main/svg/es.svg,15.22,24.56,37.13,49.64,70.64,99.39
Antes da data FIFA,2,Argentina,https://raw.githubusercontent.com/hampusborgos/country-flags/refs/heads/main/svg/ar.svg,13.48,21.8,34.29,49.0,63.62,98.05
Antes da data FIFA,3,Inglaterra,https://raw.githubusercontent.com/hampusborgos/country-flags/refs/heads/main/svg/gb-eng.svg,9.52,16.57,28.11,45.5,67.44,98.04
Antes da data FIFA,4,França,https://raw.githubusercontent.com/hampusborgos/country-flags/refs/heads/main/svg/fr.svg,7.96,14.46,25.76,41.92,67.24,94.8
Antes da data FIFA,5,Colômbia,https://raw.githubusercontent.com/hampusborgos/country-flags/refs/heads/main/svg/co.svg,5.49,11.0,20.74,37.04,60.85,91.6
Antes da data FIFA,6,Alemanha,https://raw.githubusercontent.com/hampusborgos/country-flags/refs/heads/main/svg/de.svg,5.46,11.1,22.15,39.6,71.95,98.14
Antes da data FIFA,7,Marrocos,https://raw.githubusercontent.com/hampusborgos/country-flags/refs/heads/main/svg/ma.svg,4.97,9.98,18.94,34.23,54.63,95.69
Antes da data FIFA,8,Portugal,https://raw.githubusercontent.com/hampusborgos/country-flags/refs/heads/main/svg/pt.svg,4.9,10.06,19.23,35.07,59.22,90.72
Antes da data FIFA,9,Brasil,https://upload.wikimedia.org/wikipedia/commons/0/05/Flag_of_Brazil.svg?utm_source=commons.wikimedia.org&utm_campaign=index&utm_content=original,4.73,9.49,18.74,34.31,54.8,96.35
Antes da data FIFA,10,Países Baixos,https://raw.githubusercontent.com/hampusborgos/country-flags/refs/heads/main/svg/nl.svg,4.08,8.57,17.47,32.99,50.81,92.55
Antes da data FIFA,11,Japão,https://raw.githubusercontent.com/hampusborgos/country-flags/refs/heads/main/svg/jp.svg,3.64,7.79,15.97,30.56,48.94,91.25
Antes da data FIFA,12,Bélgica,https://raw.githubusercontent.com/hampusborgos/country-flags/refs/heads/main/svg/be.svg,2.58,6.17,13.73,33.11,59.88,93.85
Antes da data FIFA,13,Uruguai,https://raw.githubusercontent.com/hampusborgos/country-flags/refs/heads/main/svg/uy.svg,2.51,6.0,12.71,24.47,42.08,91.0
Antes da data FIFA,14,Noruega,https://raw.githubusercontent.com/hampusborgos/country-flags/refs/heads/main/svg/no.svg,2.3,5.44,12.2,25.06,49.63,83.85
Antes da data FIFA,15,Equador,https://raw.githubusercontent.com/hampusborgos/country-flags/refs/heads/main/svg/ec.svg,2.09,4.93,11.32,24.06,50.29,90.62
Antes da data FIFA,16,Suíça,https://raw.githubusercontent.com/hampusborgos/country-flags/refs/heads/main/svg/ch.svg,1.88,4.72,11.47,27.67,62.73,96.52
Antes da data FIFA,17,Croácia,https://raw.githubusercontent.com/hampusborgos/country-flags/refs/heads/main/svg/hr.svg,1.84,4.63,10.7,21.71,45.6,89.84
Antes da data FIFA,18,Austrália,https://raw.githubusercontent.com/hampusborgos/country-flags/refs/heads/main/svg/au.svg,1.41,3.55,8.83,22.75,48.53,81.66
Antes da data FIFA,19,México,https://raw.githubusercontent.com/hampusborgos/country-flags/refs/heads/main/svg/mx.svg,1.13,3.1,8.04,19.67,48.54,89.62
Antes da data FIFA,20,Áustria,https://raw.githubusercontent.com/hampusborgos/country-flags/refs/heads/main/svg/at.svg,0.97,2.6,6.5,14.31,28.82,77.39
Antes da data FIFA,21,Senegal,https://raw.githubusercontent.com/hampusborgos/country-flags/refs/heads/main/svg/sn.svg,0.87,2.48,6.44,15.94,36.01,70.22
Antes da data FIFA,22,Paraguai,https://raw.githubusercontent.com/hampusborgos/country-flags/refs/heads/main/svg/py.svg,0.48,1.46,4.25,12.41,32.61,66.65
Antes da data FIFA,23,Canadá,https://raw.githubusercontent.com/hampusborgos/country-flags/refs/heads/main/svg/ca.svg,0.38,1.3,4.31,14.22,43.31,85.19
Antes da data FIFA,24,Turquia,https://raw.githubusercontent.com/hampusborgos/country-flags/refs/heads/main/svg/tr.svg,0.29,1.02,3.31,11.18,30.79,65.03
Antes da data FIFA,25,Escócia,https://raw.githubusercontent.com/hampusborgos/country-flags/refs/heads/main/svg/gb-sct.svg,0.26,0.92,3.15,9.66,24.56,72.01
Antes da data FIFA,26,EUA,https://raw.githubusercontent.com/hampusborgos/country-flags/refs/heads/main/svg/us.svg,0.22,0.8,2.9,9.81,28.41,61.96
Antes da data FIFA,27,Argélia,https://raw.githubusercontent.com/hampusborgos/country-flags/refs/heads/main/svg/dz.svg,0.19,0.75,2.41,6.98,17.22,57.28
Antes da data FIFA,28,Uzbequistão,https://upload.wikimedia.org/wikipedia/commons/8/84/Flag_of_Uzbekistan.svg,0.18,0.55,1.83,5.34,15.2,44.5
Antes da data FIFA,29,Egito,https://raw.githubusercontent.com/hampusborgos/country-flags/refs/heads/main/svg/eg.svg,0.13,0.57,2.08,7.81,26.42,65.16
Antes da data FIFA,30,Coreia do Sul,https://upload.wikimedia.org/wikipedia/commons/0/09/Flag_of_South_Korea.svg,0.13,0.54,2.13,7.73,29.53,73.3
Antes da data FIFA,31,Irã,https://upload.wikimedia.org/wikipedia/commons/c/ca/Flag_of_Iran.svg,0.12,0.51,1.94,7.69,26.76,65.94
Antes da data FIFA,32,Tunísia,https://raw.githubusercontent.com/hampusborgos/country-flags/refs/heads/main/svg/tn.svg,0.09,0.36,1.29,4.64,14.22,40.36
Antes da data FIFA,33,Suécia,https://raw.githubusercontent.com/hampusborgos/country-flags/refs/heads/main/svg/se.svg,0.09,0.35,1.34,4.93,14.82,42.82
Antes da data FIFA,34,República Democrática do Congo,https://upload.wikimedia.org/wikipedia/commons/6/6f/Flag_of_the_Democratic_Republic_of_the_Congo.svg,0.08,0.31,1.12,3.7,10.96,35.69
Antes da data FIFA,35,Costa do Marfim,https://upload.wikimedia.org/wikipedia/commons/f/fe/Flag_of_Côte_d%27Ivoire.svg,0.07,0.29,1.27,5.83,18.65,56.54
Antes da data FIFA,36,Panamá,https://raw.githubusercontent.com/hampusborgos/country-flags/refs/heads/main/svg/pa.svg,0.06,0.19,0.83,3.23,11.0,46.02
Antes da data FIFA,37,Tchéquia,https://raw.githubusercontent.com/hampusborgos/country-flags/refs/heads/main/svg/cz.svg,0.04,0.22,1.13,4.68,20.55,60.56
Antes da data FIFA,38,Arábia Saudita,https://raw.githubusercontent.com/hampusborgos/country-flags/refs/heads/main/svg/sa.svg,0.03,0.14,0.64,3.19,10.3,39.28
Antes da data FIFA,39,Nova Zelândia,https://raw.githubusercontent.com/hampusborgos/country-flags/refs/heads/main/svg/nz.svg,0.03,0.14,0.68,3.29,14.48,44.82
Antes da data FIFA,40,África do Sul,https://raw.githubusercontent.com/hampusborgos/country-flags/refs/heads/main/svg/za.svg,0.03,0.15,0.72,3.18,15.63,51.03
Antes da data FIFA,41,Iraque,https://raw.githubusercontent.com/hampusborgos/country-flags/refs/heads/main/svg/iq.svg,0.02,0.1,0.45,1.96,7.28,21.82
Antes da data FIFA,42,Jordânia,https://upload.wikimedia.org/wikipedia/commons/c/c0/Flag_of_Jordan.svg,0.02,0.12,0.52,2.21,7.13,31.94
Antes da data FIFA,43,Bósnia e Herzegovina,https://raw.githubusercontent.com/hampusborgos/country-flags/refs/heads/main/svg/ba.svg,0.01,0.1,0.57,3.34,15.62,50.46
Antes da data FIFA,44,Gana,https://raw.githubusercontent.com/hampusborgos/country-flags/refs/heads/main/svg/gh.svg,0.01,0.04,0.27,1.18,5.07,27.43
Antes da data FIFA,45,Cabo Verde,https://upload.wikimedia.org/wikipedia/commons/3/38/Flag_of_Cape_Verde.svg,0.0,0.02,0.16,1.11,4.31,21.31
Antes da data FIFA,46,Catar,https://raw.githubusercontent.com/hampusborgos/country-flags/refs/heads/main/svg/qa.svg,0.0,0.02,0.14,1.32,8.31,34.26
Antes da data FIFA,47,Haiti,https://raw.githubusercontent.com/hampusborgos/country-flags/refs/heads/main/svg/ht.svg,0.0,0.01,0.02,0.21,1.39,10.16
Antes da data FIFA,48,Curaçao,https://upload.wikimedia.org/wikipedia/commons/b/b1/Flag_of_Curaçao.svg,0.0,0.01,0.07,0.57,3.21,17.32
Antes da Copa - pós data FIFA,1,Espanha,https://raw.githubusercontent.com/hampusborgos/country-flags/refs/heads/main/svg/es.svg,14.65,23.78,36.25,49.11,69.96,99.41
Antes da Copa - pós data FIFA,2,Argentina,https://raw.githubusercontent.com/hampusborgos/country-flags/refs/heads/main/svg/ar.svg,13.2,21.44,33.77,48.72,63.67,97.9
Antes da Copa - pós data FIFA,3,Inglaterra,https://raw.githubusercontent.com/hampusborgos/country-flags/refs/heads/main/svg/gb-eng.svg,9.21,16.14,27.85,44.99,67.32,98.04
Antes da Copa - pós data FIFA,4,França,https://raw.githubusercontent.com/hampusborgos/country-flags/refs/heads/main/svg/fr.svg,7.54,13.81,24.85,40.99,66.48,94.66
Antes da Copa - pós data FIFA,5,Alemanha,https://raw.githubusercontent.com/hampusborgos/country-flags/refs/heads/main/svg/de.svg,5.78,11.81,23.2,40.58,72.46,98.34
Antes da Copa - pós data FIFA,6,Colômbia,https://raw.githubusercontent.com/hampusborgos/country-flags/refs/heads/main/svg/co.svg,5.52,10.89,20.44,36.96,61.16,91.64
Antes da Copa - pós data FIFA,7,Portugal,https://raw.githubusercontent.com/hampusborgos/country-flags/refs/heads/main/svg/pt.svg,5.12,10.36,19.74,35.74,60.23,91.23
Antes da Copa - pós data FIFA,8,Marrocos,https://raw.githubusercontent.com/hampusborgos/country-flags/refs/heads/main/svg/ma.svg,5.07,10.05,19.3,34.43,54.92,95.68
Antes da Copa - pós data FIFA,9,Brasil,https://upload.wikimedia.org/wikipedia/commons/0/05/Flag_of_Brazil.svg?utm_source=commons.wikimedia.org&utm_campaign=index&utm_content=original,4.72,9.48,18.85,34.33,55.15,96.26
Antes da Copa - pós data FIFA,10,Países Baixos,https://raw.githubusercontent.com/hampusborgos/country-flags/refs/heads/main/svg/nl.svg,4.03,8.35,17.0,32.52,50.34,92.92
Antes da Copa - pós data FIFA,11,Japão,https://raw.githubusercontent.com/hampusborgos/country-flags/refs/heads/main/svg/jp.svg,3.69,7.64,15.66,30.3,48.73,91.58
Antes da Copa - pós data FIFA,12,Bélgica,https://raw.githubusercontent.com/hampusborgos/country-flags/refs/heads/main/svg/be.svg,3.28,7.51,15.68,36.06,62.79,95.28
Antes da Copa - pós data FIFA,13,Uruguai,https://raw.githubusercontent.com/hampusborgos/country-flags/refs/heads/main/svg/uy.svg,2.54,5.84,12.39,24.12,41.62,91.26
Antes da Copa - pós data FIFA,14,Noruega,https://raw.githubusercontent.com/hampusborgos/country-flags/refs/heads/main/svg/no.svg,2.36,5.53,12.41,25.12,49.78,84.59
Antes da Copa - pós data FIFA,15,Equador,https://raw.githubusercontent.com/hampusborgos/country-flags/refs/heads/main/svg/ec.svg,2.12,4.93,11.14,23.84,49.88,90.64
Antes da Copa - pós data FIFA,16,Croácia,https://raw.githubusercontent.com/hampusborgos/country-flags/refs/heads/main/svg/hr.svg,1.9,4.65,10.63,21.8,45.74,90.41
Antes da Copa - pós data FIFA,17,Suíça,https://raw.githubusercontent.com/hampusborgos/country-flags/refs/heads/main/svg/ch.svg,1.83,4.9,11.74,28.32,63.62,96.72
Antes da Copa - pós data FIFA,18,México,https://raw.githubusercontent.com/hampusborgos/country-flags/refs/heads/main/svg/mx.svg,1.39,3.6,8.78,20.91,49.99,90.45
Antes da Copa - pós data FIFA,19,Austrália,https://raw.githubusercontent.com/hampusborgos/country-flags/refs/heads/main/svg/au.svg,1.21,3.24,8.0,20.67,46.12,79.98
Antes da Copa - pós data FIFA,20,Áustria,https://raw.githubusercontent.com/hampusborgos/country-flags/refs/heads/main/svg/at.svg,1.02,2.69,6.65,14.6,29.42,77.77
Antes da Copa - pós data FIFA,21,Senegal,https://raw.githubusercontent.com/hampusborgos/country-flags/refs/heads/main/svg/sn.svg,0.71,2.03,5.43,13.98,32.94,67.26
Antes da Copa - pós data FIFA,22,Paraguai,https://raw.githubusercontent.com/hampusborgos/country-flags/refs/heads/main/svg/py.svg,0.46,1.51,4.35,12.93,33.75,68.12
Antes da Copa - pós data FIFA,23,Canadá,https://raw.githubusercontent.com/hampusborgos/country-flags/refs/heads/main/svg/ca.svg,0.37,1.28,4.37,14.05,43.32,85.45
Antes da Copa - pós data FIFA,24,Turquia,https://raw.githubusercontent.com/hampusborgos/country-flags/refs/heads/main/svg/tr.svg,0.35,1.15,3.7,11.99,32.6,66.71
Antes da Copa - pós data FIFA,25,Escócia,https://raw.githubusercontent.com/hampusborgos/country-flags/refs/heads/main/svg/gb-sct.svg,0.33,1.15,3.68,10.82,26.56,73.8
Antes da Copa - pós data FIFA,26,Argélia,https://raw.githubusercontent.com/hampusborgos/country-flags/refs/heads/main/svg/dz.svg,0.26,0.83,2.57,7.38,17.94,58.73
Antes da Copa - pós data FIFA,27,EUA,https://raw.githubusercontent.com/hampusborgos/country-flags/refs/heads/main/svg/us.svg,0.23,0.85,2.88,9.56,27.87,61.38
Antes da Copa - pós data FIFA,28,Egito,https://raw.githubusercontent.com/hampusborgos/country-flags/refs/heads/main/svg/eg.svg,0.16,0.58,2.13,7.84,26.77,66.08
Antes da Copa - pós data FIFA,29,Irã,https://upload.wikimedia.org/wikipedia/commons/c/ca/Flag_of_Iran.svg,0.14,0.52,2.05,8.07,27.86,68.12
Antes da Copa - pós data FIFA,30,Coreia do Sul,https://upload.wikimedia.org/wikipedia/commons/0/09/Flag_of_South_Korea.svg,0.14,0.6,2.22,8.04,29.53,73.16
Antes da Copa - pós data FIFA,31,Uzbequistão,https://upload.wikimedia.org/wikipedia/commons/8/84/Flag_of_Uzbekistan.svg,0.14,0.48,1.56,4.89,14.18,42.64
Antes da Copa - pós data FIFA,32,Suécia,https://raw.githubusercontent.com/hampusborgos/country-flags/refs/heads/main/svg/se.svg,0.1,0.35,1.39,5.12,15.69,45.32
Antes da Copa - pós data FIFA,33,Costa do Marfim,https://upload.wikimedia.org/wikipedia/commons/f/fe/Flag_of_Côte_d%27Ivoire.svg,0.08,0.34,1.44,6.02,19.09,57.62
Antes da Copa - pós data FIFA,34,República Democrática do Congo,https://upload.wikimedia.org/wikipedia/commons/6/6f/Flag_of_the_Democratic_Republic_of_the_Congo.svg,0.07,0.29,1.14,3.77,11.43,36.83
Antes da Copa - pós data FIFA,35,Tchéquia,https://raw.githubusercontent.com/hampusborgos/country-flags/refs/heads/main/svg/cz.svg,0.06,0.26,1.27,5.13,21.85,62.35
Antes da Copa - pós data FIFA,36,Tunísia,https://raw.githubusercontent.com/hampusborgos/country-flags/refs/heads/main/svg/tn.svg,0.05,0.21,0.94,3.58,11.94,36.58
Antes da Copa - pós data FIFA,37,Arábia Saudita,https://raw.githubusercontent.com/hampusborgos/country-flags/refs/heads/main/svg/sa.svg,0.04,0.15,0.64,3.24,10.3,40.66
Antes da Copa - pós data FIFA,38,África do Sul,https://raw.githubusercontent.com/hampusborgos/country-flags/refs/heads/main/svg/za.svg,0.03,0.11,0.6,2.91,14.37,48.31
Antes da Copa - pós data FIFA,39,Jordânia,https://upload.wikimedia.org/wikipedia/commons/c/c0/Flag_of_Jordan.svg,0.03,0.13,0.52,2.06,6.68,30.84
Antes da Copa - pós data FIFA,40,Panamá,https://raw.githubusercontent.com/hampusborgos/country-flags/refs/heads/main/svg/pa.svg,0.02,0.14,0.7,2.81,10.1,44.51
Antes da Copa - pós data FIFA,41,Bósnia e Herzegovina,https://raw.githubusercontent.com/hampusborgos/country-flags/refs/heads/main/svg/ba.svg,0.02,0.11,0.55,3.29,15.76,50.59
Antes da Copa - pós data FIFA,42,Iraque,https://raw.githubusercontent.com/hampusborgos/country-flags/refs/heads/main/svg/iq.svg,0.02,0.11,0.46,2.01,7.42,23.23
Antes da Copa - pós data FIFA,43,Nova Zelândia,https://raw.githubusercontent.com/hampusborgos/country-flags/refs/heads/main/svg/nz.svg,0.01,0.09,0.47,2.36,11.77,39.58
Antes da Copa - pós data FIFA,44,Catar,https://raw.githubusercontent.com/hampusborgos/country-flags/refs/heads/main/svg/qa.svg,0.0,0.02,0.15,1.27,8.14,33.66
Antes da Copa - pós data FIFA,45,Gana,https://raw.githubusercontent.com/hampusborgos/country-flags/refs/heads/main/svg/gh.svg,0.0,0.05,0.26,1.16,5.0,27.88
Antes da Copa - pós data FIFA,46,Cabo Verde,https://upload.wikimedia.org/wikipedia/commons/3/38/Flag_of_Cape_Verde.svg,0.0,0.02,0.14,0.9,3.67,19.96
Antes da Copa - pós data FIFA,47,Curaçao,https://upload.wikimedia.org/wikipedia/commons/b/b1/Flag_of_Curaçao.svg,0.0,0.0,0.04,0.49,2.78,16.31
Antes da Copa - pós data FIFA,48,Haiti,https://raw.githubusercontent.com/hampusborgos/country-flags/refs/heads/main/svg/ht.svg,0.0,0.0,0.03,0.22,1.31,9.56
