sel1;gol1;gol2;sel2
173;15;0;24
161;14;0;24
44;12;0;24
52;10;0;182
164;10;0;24
231;10;0;127
90;9;3;208
20;9;0;84
113;9;0;143
20;8;1;70
44;8;1;169
101;8;1;166
164;8;1;128
170;8;1;84
216;8;1;159
224;8;1;59
73;8;0;228
75;8;0;106
105;8;0;182
108;8;0;17
199;8;0;115
203;8;0;121
213;8;0;123
231;8;0;220
107;7;2;33
3;7;1;71
30;7;1;94
39;7;1;184
83;7;1;133
109;7;1;114
128;7;1;115
3;7;0;218
9;7;0;26
11;7;0;31
12;7;0;217
35;7;0;59
54;7;0;233
82;7;0;182
91;7;0;92
93;7;0;7
96;7;0;24
103;7;0;84
108;7;0;36
117;7;0;115
128;7;0;24
149;7;0;181
164;7;0;220
171;7;0;70
185;7;0;220
210;7;0;182
205;6;2;227
9;6;1;167
19;6;1;217
36;6;1;32
82;6;1;10
99;6;1;115
141;6;1;22
150;6;1;196
186;6;1;84
203;6;1;199
223;6;1;61
231;6;1;17
234;6;1;208
3;6;0;118
3;6;0;132
8;6;0;7
20;6;0;5
52;6;0;14
56;6;0;130
61;6;0;40
73;6;0;4
76;6;0;31
82;6;0;160
101;6;0;89
101;6;0;114
107;6;0;95
131;6;0;27
135;6;0;53
141;6;0;129
147;6;0;116
161;6;0;127
164;6;0;127
171;6;0;5
195;6;0;182
196;6;0;228
200;6;0;59
213;6;0;194
214;6;0;36
221;6;0;133
223;6;0;208
234;6;0;53
234;6;0;95
238;6;0;143
243;6;0;190
75;5;2;98
129;5;2;22
185;5;2;106
187;5;2;91
210;5;2;97
214;5;2;1
238;5;2;155
8;5;1;87
12;5;1;108
14;5;1;182
20;5;1;123
34;5;1;212
52;5;1;160
82;5;1;14
100;5;1;115
102;5;1;216
107;5;1;235
114;5;1;143
120;5;1;190
142;5;1;190
169;5;1;216
171;5;1;37
171;5;1;72
176;5;1;80
192;5;1;32
198;5;1;212
203;5;1;77
216;5;1;124
226;5;1;115
229;5;1;200
229;5;1;200
231;5;1;226
232;5;1;90
1;5;0;204
9;5;0;26
9;5;0;165
10;5;0;205
12;5;0;17
16;5;0;216
20;5;0;55
28;5;0;70
28;5;0;84
30;5;0;26
43;5;0;237
43;5;0;26
55;5;0;5
56;5;0;182
58;5;0;121
61;5;0;172
67;5;0;182
73;5;0;222
75;5;0;167
80;5;0;116
83;5;0;71
87;5;0;193
89;5;0;159
91;5;0;187
95;5;0;21
96;5;0;143
105;5;0;121
107;5;0;1
107;5;0;214
117;5;0;155
119;5;0;59
128;5;0;17
139;5;0;109
141;5;0;132
142;5;0;200
147;5;0;51
147;5;0;123
151;5;0;7
151;5;0;53
161;5;0;128
169;5;0;166
170;5;0;74
171;5;0;84
173;5;0;117
178;5;0;133
203;5;0;50
205;5;0;60
217;5;0;17
217;5;0;17
221;5;0;59
235;5;0;114
236;5;0;222
237;5;0;26
238;5;0;36
243;5;0;190
93;4;4;208
135;4;4;223
33;4;3;123
78;4;3;129
86;4;3;97
87;4;3;208
107;4;3;242
112;4;3;116
115;4;3;32
131;4;3;208
228;4;3;222
17;4;2;204
21;4;2;87
26;4;2;237
29;4;2;218
43;4;2;165
44;4;2;223
62;4;2;6
75;4;2;177
78;4;2;118
94;4;2;18
96;4;2;36
96;4;2;216
107;4;2;150
128;4;2;24
153;4;2;142
155;4;2;235
170;4;2;98
170;4;2;139
177;4;2;19
177;4;2;199
192;4;2;36
208;4;2;18
216;4;2;138
219;4;2;216
219;4;2;100
220;4;2;32
223;4;2;76
232;4;2;26
242;4;2;218
1;4;1;128
3;4;1;218
9;4;1;237
10;4;1;19
12;4;1;113
16;4;1;185
22;4;1;200
35;4;1;71
37;4;1;51
44;4;1;161
51;4;1;78
52;4;1;86
54;4;1;27
56;4;1;188
58;4;1;109
62;4;1;41
66;4;1;205
73;4;1;149
75;4;1;33
76;4;1;54
77;4;1;139
82;4;1;105
82;4;1;135
99;4;1;146
99;4;1;172
99;4;1;124
102;4;1;185
103;4;1;234
108;4;1;1
127;4;1;36
131;4;1;88
139;4;1;10
141;4;1;178
143;4;1;164
144;4;1;243
147;4;1;19
153;4;1;152
155;4;1;127
160;4;1;182
169;4;1;115
169;4;1;146
171;4;1;116
188;4;1;14
203;4;1;104
217;4;1;127
218;4;1;22
220;4;1;138
224;4;1;119
231;4;1;173
238;4;1;216
1;4;0;17
3;4;0;190
6;4;0;118
6;4;0;41
16;4;0;226
20;4;0;28
20;4;0;55
30;4;0;165
32;4;0;220
34;4;0;39
36;4;0;204
38;4;0;60
38;4;0;132
43;4;0;50
44;4;0;114
44;4;0;128
50;4;0;234
52;4;0;84
58;4;0;33
58;4;0;170
61;4;0;227
62;4;0;120
64;4;0;165
64;4;0;94
65;4;0;42
67;4;0;122
68;4;0;200
70;4;0;84
73;4;0;222
75;4;0;160
75;4;0;10
75;4;0;147
77;4;0;121
78;4;0;209
80;4;0;84
82;4;0;171
82;4;0;84
83;4;0;199
86;4;0;84
96;4;0;124
96;4;0;115
97;4;0;122
97;4;0;5
98;4;0;121
100;4;0;162
100;4;0;220
101;4;0;99
101;4;0;191
102;4;0;219
103;4;0;161
104;4;0;5
107;4;0;164
107;4;0;102
107;4;0;161
107;4;0;219
108;4;0;96
116;4;0;5
120;4;0;184
125;4;0;128
128;4;0;115
129;4;0;79
132;4;0;200
135;4;0;199
138;4;0;159
141;4;0;142
141;4;0;41
141;4;0;38
141;4;0;132
141;4;0;153
152;4;0;197
153;4;0;37
158;4;0;182
158;4;0;14
165;4;0;53
165;4;0;53
168;4;0;223
169;4;0;100
170;4;0;80
171;4;0;55
173;4;0;192
173;4;0;128
173;4;0;240
177;4;0;14
177;4;0;121
185;4;0;115
194;4;0;122
195;4;0;122
199;4;0;143
203;4;0;123
203;4;0;77
210;4;0;122
212;4;0;190
213;4;0;19
215;4;0;181
219;4;0;143
223;4;0;61
225;4;0;33
231;4;0;115
232;4;0;167
234;4;0;90
234;4;0;90
234;4;0;26
234;4;0;50
234;4;0;223
234;4;0;165
239;4;0;137
243;4;0;212
60;3;5;87
12;3;4;64
24;3;4;128
28;3;4;20
51;3;4;62
71;3;4;48
75;3;4;20
118;3;4;243
124;3;4;114
147;3;4;234
161;3;4;50
168;3;4;43
176;3;4;230
177;3;4;50
217;3;4;169
231;3;4;10
1;3;3;108
20;3;3;135
43;3;3;135
71;3;3;3
94;3;3;223
97;3;3;171
107;3;3;94
135;3;3;223
153;3;3;141
164;3;3;216
177;3;3;20
177;3;3;203
217;3;3;164
224;3;3;78
6;3;2;133
8;3;2;23
10;3;2;139
10;3;2;55
12;3;2;185
13;3;2;188
19;3;2;135
20;3;2;160
26;3;2;237
26;3;2;151
27;3;2;211
33;3;2;213
35;3;2;132
36;3;2;220
39;3;2;48
43;3;2;65
43;3;2;234
43;3;2;167
55;3;2;28
58;3;2;234
75;3;2;37
75;3;2;67
77;3;2;123
88;3;2;76
91;3;2;120
92;3;2;242
95;3;2;135
96;3;2;89
98;3;2;74
99;3;2;128
101;3;2;113
113;3;2;1
115;3;2;36
124;3;2;138
125;3;2;184
126;3;2;71
127;3;2;219
127;3;2;36
128;3;2;36
131;3;2;18
160;3;2;98
169;3;2;155
169;3;2;73
170;3;2;58
173;3;2;199
176;3;2;43
181;3;2;4
185;3;2;231
185;3;2;164
188;3;2;13
192;3;2;128
194;3;2;210
196;3;2;166
198;3;2;29
199;3;2;44
199;3;2;173
208;3;2;60
210;3;2;195
211;3;2;88
216;3;2;89
216;3;2;124
231;3;2;117
234;3;2;98
234;3;2;131
238;3;2;100
1;3;1;226
2;3;1;173
3;3;1;10
3;3;1;71
3;3;1;198
3;3;1;132
7;3;1;31
12;3;1;95
16;3;1;192
18;3;1;208
20;3;1;98
20;3;1;28
20;3;1;104
20;3;1;105
24;3;1;17
28;3;1;101
28;3;1;104
29;3;1;69
30;3;1;52
30;3;1;237
30;3;1;107
34;3;1;6
37;3;1;62
38;3;1;106
38;3;1;66
39;3;1;152
41;3;1;6
42;3;1;126
43;3;1;12
43;3;1;232
43;3;1;237
44;3;1;113
46;3;1;113
46;3;1;64
46;3;1;94
50;3;1;165
51;3;1;3
51;3;1;129
51;3;1;209
55;3;1;84
55;3;1;109
62;3;1;191
62;3;1;48
62;3;1;91
64;3;1;95
64;3;1;223
66;3;1;21
67;3;1;195
76;3;1;95
77;3;1;14
82;3;1;170
82;3;1;37
83;3;1;91
83;3;1;221
83;3;1;142
88;3;1;208
90;3;1;95
91;3;1;119
92;3;1;41
94;3;1;151
95;3;1;223
97;3;1;116
100;3;1;36
101;3;1;226
102;3;1;44
103;3;1;232
116;3;1;123
117;3;1;162
124;3;1;115
128;3;1;24
129;3;1;92
132;3;1;198
133;3;1;125
135;3;1;64
135;3;1;232
135;3;1;103
135;3;1;66
135;3;1;223
141;3;1;229
141;3;1;221
141;3;1;62
141;3;1;65
141;3;1;37
141;3;1;91
143;3;1;115
144;3;1;243
147;3;1;109
147;3;1;33
150;3;1;73
151;3;1;21
151;3;1;53
153;3;1;209
153;3;1;3
158;3;1;86
161;3;1;192
161;3;1;226
168;3;1;66
168;3;1;106
169;3;1;115
170;3;1;56
170;3;1;176
173;3;1;155
173;3;1;192
176;3;1;109
178;3;1;71
183;3;1;110
183;3;1;178
187;3;1;35
187;3;1;79
187;3;1;91
187;3;1;191
187;3;1;91
188;3;1;104
194;3;1;98
194;3;1;80
198;3;1;142
198;3;1;153
198;3;1;92
198;3;1;34
199;3;1;237
203;3;1;28
213;3;1;101
213;3;1;139
214;3;1;173
216;3;1;220
223;3;1;90
225;3;1;109
225;3;1;137
230;3;1;19
231;3;1;219
232;3;1;223
235;3;1;150
235;3;1;185
235;3;1;155
238;3;1;96
238;3;1;96
238;3;1;127
238;3;1;169
239;3;1;98
239;3;1;20
240;3;1;162
242;3;1;209
242;3;1;3
242;3;1;229
243;3;1;118
1;3;0;36
3;3;0;126
3;3;0;41
9;3;0;223
9;3;0;26
9;3;0;46
12;3;0;114
13;3;0;121
16;3;0;240
20;3;0;103
21;3;0;61
23;3;0;15
28;3;0;121
28;3;0;5
29;3;0;200
30;3;0;168
30;3;0;9
30;3;0;167
30;3;0;43
35;3;0;200
36;3;0;124
38;3;0;21
43;3;0;168
43;3;0;34
44;3;0;219
46;3;0;108
46;3;0;86
46;3;0;66
48;3;0;144
50;3;0;151
50;3;0;106
50;3;0;76
51;3;0;119
51;3;0;229
52;3;0;33
54;3;0;8
56;3;0;10
56;3;0;122
62;3;0;71
62;3;0;129
64;3;0;43
64;3;0;237
64;3;0;66
65;3;0;218
65;3;0;242
65;3;0;221
67;3;0;168
67;3;0;186
68;3;0;132
70;3;0;80
70;3;0;205
70;3;0;52
71;3;0;184
71;3;0;35
74;3;0;70
75;3;0;95
75;3;0;186
76;3;0;53
76;3;0;18
77;3;0;19
80;3;0;205
82;3;0;194
82;3;0;56
83;3;0;91
83;3;0;68
90;3;0;151
94;3;0;87
95;3;0;76
95;3;0;76
97;3;0;109
98;3;0;225
100;3;0;127
102;3;0;240
104;3;0;28
105;3;0;232
106;3;0;8
106;3;0;53
107;3;0;36
108;3;0;223
108;3;0;102
108;3;0;217
118;3;0;133
120;3;0;68
126;3;0;59
126;3;0;6
127;3;0;220
131;3;0;31
135;3;0;104
135;3;0;90
135;3;0;66
135;3;0;95
141;3;0;42
141;3;0;120
141;3;0;110
141;3;0;120
141;3;0;78
143;3;0;96
144;3;0;142
146;3;0;32
151;3;0;94
153;3;0;37
158;3;0;19
161;3;0;99
165;3;0;131
165;3;0;223
168;3;0;165
169;3;0;146
169;3;0;146
169;3;0;36
170;3;0;160
170;3;0;109
171;3;0;160
171;3;0;97
171;3;0;185
173;3;0;235
173;3;0;70
173;3;0;219
173;3;0;188
175;3;0;47
177;3;0;122
178;3;0;120
178;3;0;197
185;3;0;16
185;3;0;231
185;3;0;137
187;3;0;29
187;3;0;125
187;3;0;68
188;3;0;2
188;3;0;137
190;3;0;204
190;3;0;125
194;3;0;123
194;3;0;186
194;3;0;130
198;3;0;133
199;3;0;231
199;3;0;106
199;3;0;113
203;3;0;19
203;3;0;225
203;3;0;105
203;3;0;2
205;3;0;23
210;3;0;70
210;3;0;121
210;3;0;5
211;3;0;27
213;3;0;239
213;3;0;33
216;3;0;169
217;3;0;226
217;3;0;146
219;3;0;169
219;3;0;169
219;3;0;155
225;3;0;147
229;3;0;132
229;3;0;71
229;3;0;221
229;3;0;178
230;3;0;123
230;3;0;112
232;3;0;46
232;3;0;43
232;3;0;106
232;3;0;237
238;3;0;115
242;3;0;152
242;3;0;142
242;3;0;212
243;3;0;126
243;3;0;218
243;3;0;119
36;2;7;185
227;2;6;205
93;2;5;54
94;2;5;76
133;2;5;110
210;2;5;75
219;2;5;117
9;2;4;153
23;2;4;38
24;2;4;161
31;2;4;180
32;2;4;115
48;2;4;62
76;2;4;38
82;2;4;9
92;2;4;48
95;2;4;104
109;2;4;56
123;2;4;194
132;2;4;78
143;2;4;192
199;2;4;3
211;2;4;94
222;2;4;149
238;2;4;127
243;2;4;224
10;2;3;171
12;2;3;147
12;2;3;82
23;2;3;18
26;2;3;46
29;2;3;71
31;2;3;60
32;2;3;115
34;2;3;37
35;2;3;62
36;2;3;99
46;2;3;50
48;2;3;83
51;2;3;91
54;2;3;223
54;2;3;53
55;2;3;28
58;2;3;108
60;2;3;208
64;2;3;26
71;2;3;178
73;2;3;236
76;2;3;211
77;2;3;105
82;2;3;67
86;2;3;98
87;2;3;208
95;2;3;237
96;2;3;173
97;2;3;210
99;2;3;164
102;2;3;231
102;2;3;173
106;2;3;151
108;2;3;173
117;2;3;102
118;2;3;242
121;2;3;72
125;2;3;144
127;2;3;219
128;2;3;143
129;2;3;71
139;2;3;13
142;2;3;132
147;2;3;135
147;2;3;56
147;2;3;75
153;2;3;9
153;2;3;48
171;2;3;213
178;2;3;142
185;2;3;12
186;2;3;82
195;2;3;67
196;2;3;236
205;2;3;18
206;2;3;61
208;2;3;223
217;2;3;214
219;2;3;37
220;2;3;36
221;2;3;83
225;2;3;2
239;2;3;147
2;2;2;80
3;2;2;243
9;2;2;167
9;2;2;135
11;2;2;89
13;2;2;239
16;2;2;155
18;2;2;93
18;2;2;208
20;2;2;51
22;2;2;34
23;2;2;87
26;2;2;64
30;2;2;232
33;2;2;105
34;2;2;83
34;2;2;187
37;2;2;198
43;2;2;26
44;2;2;94
46;2;2;187
46;2;2;232
48;2;2;120
50;2;2;165
50;2;2;106
51;2;2;62
56;2;2;160
56;2;2;52
58;2;2;213
60;2;2;208
62;2;2;35
62;2;2;224
64;2;2;67
64;2;2;167
64;2;2;168
66;2;2;95
67;2;2;203
73;2;2;149
74;2;2;56
74;2;2;225
80;2;2;19
82;2;2;37
82;2;2;83
82;2;2;12
82;2;2;75
87;2;2;223
87;2;2;223
88;2;2;60
91;2;2;78
93;2;2;106
94;2;2;76
94;2;2;8
95;2;2;66
97;2;2;58
98;2;2;116
99;2;2;17
99;2;2;143
100;2;2;238
101;2;2;214
102;2;2;219
103;2;2;194
105;2;2;176
106;2;2;65
107;2;2;237
108;2;2;113
109;2;2;170
113;2;2;114
114;2;2;217
115;2;2;143
117;2;2;214
119;2;2;221
122;2;2;195
124;2;2;192
124;2;2;138
125;2;2;41
125;2;2;187
125;2;2;142
127;2;2;138
129;2;2;120
129;2;2;229
130;2;2;14
132;2;2;129
133;2;2;35
135;2;2;50
137;2;2;80
140;2;2;54
143;2;2;114
152;2;2;91
153;2;2;198
155;2;2;117
161;2;2;16
165;2;2;95
166;2;2;215
167;2;2;95
167;2;2;30
168;2;2;237
168;2;2;9
169;2;2;128
169;2;2;143
169;2;2;100
169;2;2;240
170;2;2;186
170;2;2;210
171;2;2;135
172;2;2;54
172;2;2;87
172;2;2;54
173;2;2;100
173;2;2;161
173;2;2;155
185;2;2;12
186;2;2;153
186;2;2;170
186;2;2;67
187;2;2;3
188;2;2;103
192;2;2;89
195;2;2;186
196;2;2;150
198;2;2;242
199;2;2;44
199;2;2;106
203;2;2;46
205;2;2;66
208;2;2;93
208;2;2;18
210;2;2;52
211;2;2;93
212;2;2;6
212;2;2;126
214;2;2;44
216;2;2;36
218;2;2;142
218;2;2;3
219;2;2;102
219;2;2;12
221;2;2;47
223;2;2;90
223;2;2;87
224;2;2;91
225;2;2;230
231;2;2;113
234;2;2;135
234;2;2;171
234;2;2;135
235;2;2;80
237;2;2;9
237;2;2;168
238;2;2;100
238;2;2;100
242;2;2;37
243;2;2;218
243;2;2;212
1;2;1;192
1;2;1;192
1;2;1;128
1;2;1;36
2;2;1;10
2;2;1;77
3;2;1;176
3;2;1;91
8;2;1;61
8;2;1;208
8;2;1;206
8;2;1;11
9;2;1;28
9;2;1;52
9;2;1;64
9;2;1;43
11;2;1;208
12;2;1;219
13;2;1;2
13;2;1;130
13;2;1;232
14;2;1;137
16;2;1;169
19;2;1;33
20;2;1;3
20;2;1;56
22;2;1;34
22;2;1;68
23;2;1;76
24;2;1;204
27;2;1;233
28;2;1;51
29;2;1;129
29;2;1;47
29;2;1;118
30;2;1;46
30;2;1;168
30;2;1;237
30;2;1;46
32;2;1;220
33;2;1;19
34;2;1;29
36;2;1;192
36;2;1;115
37;2;1;78
37;2;1;92
38;2;1;235
38;2;1;54
39;2;1;242
39;2;1;198
41;2;1;125
41;2;1;178
42;2;1;91
43;2;1;168
43;2;1;26
43;2;1;168
43;2;1;64
44;2;1;167
44;2;1;235
44;2;1;155
46;2;1;51
46;2;1;167
47;2;1;144
48;2;1;34
48;2;1;22
48;2;1;71
50;2;1;167
50;2;1;237
50;2;1;223
51;2;1;107
51;2;1;191
51;2;1;78
52;2;1;129
52;2;1;203
53;2;1;23
54;2;1;87
54;2;1;140
54;2;1;61
56;2;1;147
56;2;1;98
56;2;1;109
56;2;1;177
56;2;1;160
56;2;1;98
58;2;1;10
58;2;1;139
58;2;1;98
60;2;1;18
61;2;1;76
62;2;1;125
62;2;1;6
64;2;1;232
65;2;1;126
65;2;1;48
67;2;1;225
67;2;1;12
67;2;1;239
67;2;1;194
70;2;1;217
71;2;1;118
71;2;1;190
72;2;1;86
75;2;1;171
75;2;1;188
75;2;1;176
75;2;1;103
75;2;1;213
75;2;1;19
77;2;1;116
78;2;1;191
82;2;1;186
82;2;1;80
83;2;1;51
86;2;1;26
86;2;1;51
86;2;1;139
88;2;1;60
89;2;1;99
90;2;1;21
91;2;1;221
95;2;1;237
95;2;1;38
95;2;1;151
96;2;1;192
97;2;1;72
97;2;1;160
98;2;1;56
98;2;1;13
99;2;1;133
100;2;1;143
100;2;1;238
100;2;1;219
100;2;1;93
101;2;1;165
102;2;1;62
102;2;1;110
102;2;1;173
104;2;1;121
105;2;1;14
105;2;1;160
106;2;1;237
106;2;1;38
107;2;1;12
107;2;1;102
107;2;1;185
107;2;1;150
107;2;1;44
108;2;1;214
108;2;1;235
109;2;1;217
110;2;1;48
110;2;1;62
114;2;1;99
115;2;1;36
116;2;1;122
117;2;1;127
118;2;1;190
122;2;1;182
123;2;1;2
123;2;1;97
124;2;1;138
125;2;1;229
125;2;1;29
127;2;1;166
128;2;1;190
128;2;1;190
129;2;1;153
129;2;1;132
129;2;1;78
132;2;1;191
132;2;1;79
132;2;1;48
132;2;1;187
133;2;1;190
134;2;1;133
135;2;1;150
135;2;1;177
141;2;1;221
142;2;1;218
143;2;1;115
144;2;1;242
144;2;1;79
147;2;1;135
149;2;1;73
151;2;1;223
152;2;1;78
152;2;1;51
153;2;1;71
155;2;1;96
155;2;1;107
158;2;1;74
160;2;1;33
161;2;1;214
162;2;1;1
164;2;1;161
165;2;1;50
165;2;1;26
165;2;1;151
165;2;1;151
165;2;1;50
167;2;1;168
167;2;1;26
167;2;1;43
167;2;1;64
168;2;1;167
168;2;1;64
168;2;1;232
168;2;1;26
169;2;1;16
169;2;1;217
170;2;1;122
170;2;1;103
170;2;1;10
171;2;1;83
171;2;1;188
171;2;1;20
173;2;1;102
173;2;1;177
173;2;1;226
176;2;1;137
178;2;1;218
178;2;1;78
178;2;1;209
178;2;1;218
184;2;1;120
185;2;1;108
185;2;1;231
187;2;1;198
188;2;1;106
188;2;1;55
191;2;1;42
191;2;1;110
192;2;1;166
192;2;1;36
192;2;1;143
194;2;1;203
194;2;1;74
194;2;1;77
194;2;1;231
198;2;1;209
198;2;1;6
198;2;1;187
199;2;1;235
199;2;1;46
203;2;1;50
205;2;1;18
208;2;1;8
210;2;1;64
210;2;1;137
211;2;1;208
212;2;1;59
213;2;1;58
213;2;1;75
216;2;1;220
216;2;1;16
218;2;1;35
221;2;1;119
223;2;1;234
224;2;1;29
224;2;1;65
224;2;1;132
224;2;1;62
225;2;1;213
225;2;1;213
226;2;1;99
226;2;1;161
226;2;1;192
226;2;1;216
228;2;1;149
229;2;1;34
230;2;1;152
230;2;1;194
231;2;1;98
231;2;1;185
232;2;1;67
232;2;1;64
234;2;1;225
234;2;1;153
234;2;1;95
234;2;1;168
234;2;1;64
234;2;1;83
234;2;1;106
235;2;1;102
236;2;1;73
236;2;1;149
237;2;1;95
238;2;1;36
239;2;1;55
239;2;1;194
240;2;1;217
240;2;1;146
242;2;1;229
2;2;0;130
2;2;0;121
3;2;0;195
4;2;0;49
6;2;0;141
6;2;0;212
8;2;0;172
9;2;0;195
9;2;0;26
10;2;0;109
11;2;0;89
12;2;0;231
12;2;0;102
12;2;0;231
13;2;0;137
14;2;0;130
16;2;0;192
16;2;0;169
16;2;0;117
19;2;0;123
20;2;0;12
22;2;0;184
23;2;0;87
26;2;0;168
26;2;0;9
28;2;0;239
28;2;0;55
29;2;0;118
29;2;0;92
30;2;0;9
30;2;0;135
30;2;0;64
33;2;0;14
33;2;0;147
34;2;0;118
34;2;0;47
34;2;0;22
34;2;0;224
34;2;0;120
34;2;0;92
35;2;0;218
35;2;0;59
35;2;0;152
35;2;0;190
35;2;0;71
36;2;0;24
36;2;0;220
36;2;0;216
37;2;0;191
37;2;0;79
37;2;0;62
37;2;0;83
37;2;0;184
37;2;0;3
38;2;0;106
39;2;0;110
41;2;0;62
43;2;0;158
43;2;0;64
43;2;0;30
44;2;0;77
44;2;0;114
44;2;0;155
44;2;0;173
46;2;0;232
46;2;0;168
46;2;0;237
47;2;0;133
47;2;0;118
48;2;0;178
48;2;0;209
48;2;0;34
51;2;0;6
52;2;0;55
52;2;0;130
52;2;0;104
52;2;0;98
58;2;0;188
59;2;0;200
61;2;0;18
62;2;0;29
64;2;0;95
64;2;0;26
65;2;0;29
65;2;0;68
65;2;0;120
65;2;0;34
65;2;0;83
66;2;0;61
66;2;0;21
66;2;0;54
67;2;0;210
67;2;0;70
67;2;0;75
67;2;0;130
67;2;0;122
70;2;0;182
70;2;0;5
71;2;0;110
75;2;0;147
75;2;0;153
75;2;0;58
75;2;0;82
75;2;0;2
75;2;0;239
77;2;0;160
78;2;0;34
80;2;0;121
80;2;0;130
82;2;0;97
82;2;0;230
82;2;0;74
82;2;0;158
83;2;0;47
86;2;0;55
87;2;0;172
87;2;0;206
89;2;0;138
90;2;0;8
90;2;0;234
91;2;0;229
91;2;0;187
91;2;0;144
93;2;0;206
93;2;0;87
93;2;0;211
95;2;0;21
95;2;0;66
95;2;0;53
95;2;0;66
96;2;0;128
96;2;0;124
96;2;0;192
96;2;0;127
98;2;0;147
98;2;0;225
98;2;0;230
98;2;0;112
99;2;0;146
99;2;0;204
99;2;0;146
100;2;0;146
100;2;0;127
101;2;0;16
101;2;0;43
101;2;0;161
101;2;0;173
101;2;0;235
101;2;0;221
102;2;0;155
102;2;0;164
103;2;0;161
103;2;0;28
103;2;0;137
105;2;0;147
105;2;0;74
105;2;0;203
105;2;0;2
106;2;0;94
107;2;0;108
107;2;0;224
107;2;0;12
108;2;0;12
108;2;0;130
110;2;0;200
110;2;0;229
110;2;0;178
112;2;0;68
112;2;0;72
114;2;0;17
114;2;0;109
115;2;0;220
116;2;0;10
117;2;0;1
117;2;0;96
118;2;0;119
120;2;0;71
122;2;0;70
122;2;0;130
125;2;0;218
125;2;0;190
126;2;0;42
126;2;0;129
129;2;0;126
129;2;0;3
129;2;0;200
129;2;0;29
130;2;0;122
131;2;0;88
131;2;0;88
131;2;0;151
132;2;0;152
135;2;0;95
135;2;0;187
135;2;0;38
135;2;0;106
135;2;0;50
138;2;0;204
139;2;0;137
139;2;0;121
141;2;0;68
141;2;0;39
141;2;0;48
141;2;0;184
141;2;0;34
141;2;0;144
142;2;0;39
142;2;0;6
144;2;0;133
144;2;0;142
144;2;0;47
147;2;0;239
147;2;0;43
147;2;0;203
147;2;0;213
150;2;0;149
150;2;0;73
152;2;0;229
152;2;0;221
152;2;0;132
153;2;0;240
153;2;0;42
153;2;0;152
153;2;0;34
153;2;0;212
153;2;0;22
155;2;0;16
155;2;0;231
155;2;0;216
155;2;0;96
158;2;0;72
158;2;0;160
158;2;0;56
160;2;0;52
160;2;0;130
160;2;0;74
160;2;0;14
161;2;0;240
161;2;0;1
164;2;0;1
165;2;0;151
165;2;0;106
166;2;0;127
168;2;0;167
168;2;0;150
169;2;0;128
170;2;0;82
171;2;0;239
171;2;0;210
173;2;0;108
173;2;0;96
176;2;0;158
176;2;0;58
176;2;0;225
177;2;0;10
177;2;0;141
177;2;0;139
177;2;0;150
178;2;0;218
178;2;0;141
178;2;0;229
185;2;0;164
185;2;0;127
185;2;0;116
186;2;0;130
187;2;0;65
187;2;0;132
187;2;0;152
187;2;0;144
187;2;0;39
187;2;0;243
187;2;0;132
188;2;0;10
190;2;0;118
191;2;0;190
192;2;0;115
193;2;0;7
194;2;0;139
195;2;0;74
195;2;0;130
196;2;0;166
197;2;0;71
198;2;0;51
199;2;0;167
199;2;0;102
199;2;0;38
200;2;0;59
200;2;0;126
200;2;0;197
203;2;0;26
203;2;0;194
203;2;0;67
205;2;0;93
206;2;0;93
208;2;0;11
210;2;0;168
210;2;0;171
210;2;0;72
213;2;0;70
213;2;0;121
213;2;0;51
213;2;0;137
214;2;0;192
216;2;0;89
216;2;0;115
218;2;0;126
218;2;0;29
218;2;0;126
218;2;0;29
219;2;0;150
219;2;0;143
219;2;0;127
219;2;0;192
219;2;0;1
219;2;0;108
219;2;0;100
221;2;0;142
221;2;0;47
221;2;0;152
223;2;0;206
223;2;0;53
223;2;0;18
224;2;0;91
224;2;0;229
225;2;0;112
225;2;0;74
229;2;0;132
229;2;0;91
229;2;0;29
229;2;0;209
229;2;0;126
230;2;0;234
230;2;0;195
230;2;0;188
230;2;0;225
231;2;0;102
231;2;0;164
231;2;0;16
231;2;0;102
232;2;0;195
234;2;0;199
234;2;0;14
234;2;0;165
234;2;0;135
234;2;0;223
234;2;0;66
235;2;0;108
235;2;0;117
235;2;0;44
235;2;0;219
238;2;0;214
239;2;0;5
240;2;0;146
240;2;0;128
242;2;0;178
242;2;0;126
242;2;0;209
242;2;0;198
243;2;0;78
243;2;0;133
243;2;0;47
243;2;0;229
30;1;7;82
90;1;7;10
10;1;6;170
112;1;6;225
125;1;6;62
42;1;5;65
48;1;5;83
59;1;5;71
66;1;5;64
89;1;5;155
103;1;5;171
103;1;5;58
121;1;5;19
130;1;5;186
164;1;5;108
169;1;5;235
191;1;5;51
203;1;5;147
5;1;4;104
5;1;4;20
10;1;4;58
14;1;4;82
27;1;4;18
29;1;4;212
34;1;4;129
37;1;4;30
60;1;4;131
84;1;4;86
91;1;4;224
100;1;4;98
107;1;4;46
107;1;4;199
112;1;4;225
115;1;4;124
126;1;4;243
127;1;4;155
128;1;4;146
142;1;4;125
155;1;4;185
161;1;4;3
167;1;4;168
178;1;4;3
206;1;4;8
213;1;4;13
221;1;4;91
232;1;4;30
234;1;4;30
237;1;4;43
2;1;3;230
5;1;3;55
6;1;3;198
8;1;3;206
14;1;3;105
17;1;3;114
17;1;3;128
18;1;3;205
19;1;3;194
19;1;3;147
26;1;3;168
32;1;3;143
35;1;3;144
36;1;3;143
44;1;3;129
50;1;3;107
52;1;3;135
62;1;3;51
64;1;3;9
66;1;3;165
66;1;3;94
66;1;3;135
68;1;3;153
72;1;3;74
72;1;3;158
75;1;3;30
77;1;3;101
80;1;3;188
82;1;3;194
87;1;3;94
92;1;3;119
92;1;3;91
100;1;3;143
104;1;3;194
104;1;3;105
105;1;3;75
106;1;3;135
109;1;3;58
112;1;3;187
115;1;3;127
118;1;3;3
123;1;3;153
123;1;3;147
123;1;3;75
128;1;3;134
128;1;3;161
130;1;3;194
134;1;3;175
137;1;3;103
144;1;3;35
151;1;3;95
151;1;3;223
152;1;3;39
158;1;3;82
159;1;3;124
161;1;3;173
166;1;3;215
169;1;3;16
169;1;3;155
172;1;3;234
177;1;3;52
178;1;3;120
186;1;3;67
188;1;3;58
192;1;3;108
192;1;3;127
194;1;3;229
199;1;3;50
199;1;3;141
209;1;3;125
211;1;3;151
212;1;3;198
216;1;3;226
217;1;3;108
221;1;3;62
231;1;3;108
232;1;3;50
237;1;3;64
238;1;3;164
240;1;3;235
242;1;3;243
2;1;2;28
3;1;2;91
3;1;2;224
3;1;2;120
5;1;2;239
5;1;2;210
6;1;2;198
12;1;2;86
13;1;2;30
13;1;2;210
13;1;2;225
14;1;2;33
14;1;2;56
16;1;2;231
17;1;2;192
21;1;2;95
28;1;2;55
29;1;2;142
29;1;2;142
29;1;2;229
29;1;2;242
35;1;2;62
35;1;2;229
36;1;2;238
36;1;2;143
37;1;2;167
37;1;2;91
38;1;2;98
41;1;2;79
43;1;2;232
43;1;2;9
43;1;2;106
46;1;2;167
48;1;2;65
51;1;2;78
53;1;2;94
55;1;2;104
55;1;2;86
56;1;2;13
56;1;2;199
56;1;2;82
58;1;2;225
58;1;2;75
59;1;2;35
60;1;2;206
61;1;2;21
61;1;2;131
62;1;2;51
62;1;2;83
64;1;2;168
65;1;2;37
66;1;2;51
66;1;2;90
66;1;2;95
67;1;2;105
67;1;2;147
67;1;2;98
68;1;2;22
70;1;2;28
71;1;2;3
71;1;2;6
74;1;2;230
76;1;2;205
77;1;2;19
77;1;2;104
77;1;2;203
78;1;2;62
80;1;2;103
80;1;2;230
80;1;2;13
82;1;2;234
83;1;2;234
83;1;2;187
83;1;2;187
83;1;2;125
83;1;2;34
84;1;2;55
86;1;2;20
87;1;2;60
87;1;2;23
88;1;2;131
90;1;2;50
90;1;2;223
91;1;2;212
91;1;2;51
91;1;2;62
91;1;2;209
95;1;2;64
97;1;2;74
97;1;2;158
97;1;2;177
99;1;2;161
99;1;2;226
101;1;2;91
102;1;2;185
103;1;2;188
103;1;2;225
103;1;2;19
104;1;2;55
107;1;2;28
107;1;2;231
108;1;2;74
109;1;2;147
110;1;2;242
112;1;2;98
113;1;2;108
113;1;2;185
114;1;2;12
114;1;2;169
116;1;2;56
116;1;2;70
118;1;2;125
118;1;2;71
120;1;2;39
120;1;2;187
120;1;2;62
122;1;2;210
122;1;2;194
123;1;2;225
124;1;2;159
126;1;2;243
126;1;2;91
127;1;2;238
127;1;2;185
127;1;2;231
127;1;2;117
127;1;2;214
129;1;2;243
129;1;2;91
129;1;2;34
132;1;2;224
135;1;2;64
135;1;2;52
137;1;2;160
137;1;2;213
137;1;2;13
137;1;2;177
139;1;2;170
139;1;2;101
141;1;2;147
142;1;2;129
143;1;2;238
146;1;2;217
147;1;2;86
147;1;2;105
149;1;2;127
149;1;2;236
150;1;2;135
152;1;2;187
161;1;2;214
165;1;2;223
165;1;2;50
166;1;2;196
167;1;2;232
170;1;2;147
172;1;2;76
173;1;2;16
173;1;2;225
173;1;2;14
173;1;2;44
173;1;2;54
173;1;2;121
177;1;2;194
184;1;2;39
185;1;2;173
188;1;2;171
190;1;2;204
190;1;2;142
192;1;2;219
192;1;2;214
192;1;2;100
193;1;2;233
196;1;2;166
197;1;2;200
198;1;2;83
198;1;2;242
198;1;2;39
200;1;2;22
204;1;2;115
206;1;2;208
208;1;2;206
209;1;2;126
209;1;2;78
210;1;2;20
212;1;2;243
213;1;2;51
215;1;2;166
216;1;2;89
216;1;2;238
218;1;2;120
218;1;2;183
219;1;2;102
220;1;2;216
220;1;2;115
220;1;2;115
221;1;2;83
222;1;2;4
223;1;2;106
223;1;2;95
224;1;2;129
225;1;2;56
226;1;2;16
229;1;2;125
229;1;2;183
233;1;2;87
234;1;2;46
234;1;2;106
234;1;2;135
240;1;2;127
242;1;2;224
242;1;2;153
1;1;1;128
1;1;1;238
2;1;1;58
3;1;1;177
3;1;1;37
3;1;1;153
6;1;1;153
6;1;1;125
9;1;1;46
9;1;1;30
9;1;1;43
9;1;1;237
10;1;1;188
12;1;1;198
12;1;1;107
12;1;1;214
13;1;1;232
13;1;1;98
13;1;1;213
13;1;1;28
13;1;1;74
13;1;1;80
16;1;1;217
16;1;1;102
17;1;1;204
17;1;1;1
17;1;1;217
18;1;1;211
18;1;1;206
19;1;1;123
19;1;1;219
20;1;1;234
20;1;1;74
20;1;1;86
21;1;1;38
22;1;1;129
22;1;1;221
22;1;1;218
23;1;1;172
28;1;1;20
28;1;1;103
29;1;1;118
29;1;1;144
29;1;1;62
29;1;1;6
30;1;1;43
30;1;1;167
33;1;1;38
33;1;1;130
34;1;1;141
34;1;1;47
34;1;1;187
34;1;1;78
34;1;1;6
34;1;1;198
34;1;1;37
34;1;1;65
34;1;1;22
34;1;1;19
34;1;1;155
34;1;1;37
35;1;1;178
36;1;1;115
37;1;1;62
37;1;1;198
37;1;1;91
37;1;1;242
37;1;1;243
37;1;1;12
37;1;1;153
37;1;1;91
38;1;1;98
38;1;1;83
38;1;1;14
39;1;1;68
40;1;1;21
43;1;1;9
43;1;1;46
43;1;1;52
43;1;1;12
44;1;1;108
44;1;1;150
44;1;1;224
44;1;1;107
44;1;1;52
44;1;1;155
46;1;1;224
46;1;1;168
46;1;1;30
47;1;1;110
47;1;1;78
47;1;1;125
48;1;1;110
48;1;1;242
48;1;1;22
48;1;1;229
48;1;1;120
50;1;1;103
50;1;1;86
50;1;1;66
50;1;1;38
50;1;1;135
50;1;1;95
51;1;1;91
51;1;1;129
51;1;1;83
51;1;1;68
51;1;1;191
51;1;1;22
52;1;1;105
52;1;1;225
52;1;1;74
53;1;1;76
53;1;1;54
54;1;1;11
54;1;1;66
56;1;1;116
56;1;1;58
58;1;1;28
58;1;1;82
58;1;1;176
62;1;1;224
62;1;1;68
62;1;1;37
62;1;1;91
62;1;1;176
62;1;1;48
65;1;1;91
65;1;1;141
67;1;1;177
68;1;1;48
68;1;1;22
70;1;1;84
70;1;1;98
70;1;1;130
71;1;1;209
71;1;1;209
71;1;1;229
72;1;1;116
73;1;1;127
73;1;1;196
74;1;1;86
74;1;1;158
74;1;1;112
74;1;1;121
75;1;1;167
75;1;1;2
76;1;1;87
77;1;1;2
78;1;1;120
78;1;1;142
78;1;1;92
78;1;1;34
79;1;1;144
80;1;1;109
80;1;1;137
80;1;1;103
82;1;1;3
82;1;1;103
82;1;1;105
82;1;1;43
82;1;1;203
83;1;1;120
83;1;1;229
83;1;1;129
83;1;1;178
83;1;1;22
83;1;1;48
83;1;1;65
86;1;1;28
87;1;1;172
87;1;1;60
88;1;1;131
88;1;1;211
90;1;1;66
90;1;1;237
91;1;1;83
91;1;1;129
91;1;1;229
92;1;1;29
92;1;1;129
95;1;1;165
95;1;1;90
95;1;1;198
95;1;1;50
95;1;1;50
95;1;1;234
96;1;1;155
97;1;1;52
98;1;1;97
99;1;1;1
99;1;1;205
100;1;1;61
101;1;1;6
101;1;1;102
101;1;1;107
102;1;1;161
102;1;1;113
102;1;1;155
102;1;1;12
102;1;1;107
102;1;1;214
102;1;1;214
102;1;1;231
103;1;1;170
103;1;1;186
103;1;1;147
103;1;1;213
103;1;1;13
104;1;1;137
105;1;1;123
105;1;1;52
105;1;1;67
105;1;1;203
105;1;1;203
105;1;1;77
106;1;1;131
106;1;1;223
106;1;1;50
106;1;1;66
107;1;1;231
107;1;1;199
107;1;1;214
108;1;1;113
108;1;1;161
108;1;1;120
108;1;1;238
109;1;1;10
110;1;1;35
110;1;1;218
110;1;1;209
110;1;1;229
110;1;1;183
113;1;1;16
113;1;1;240
115;1;1;146
115;1;1;128
116;1;1;70
116;1;1;225
117;1;1;143
117;1;1;108
117;1;1;68
117;1;1;164
118;1;1;78
118;1;1;198
118;1;1;47
118;1;1;243
119;1;1;91
119;1;1;92
120;1;1;83
120;1;1;141
120;1;1;3
120;1;1;209
121;1;1;137
122;1;1;109
122;1;1;231
123;1;1;19
123;1;1;33
124;1;1;36
124;1;1;32
125;1;1;212
125;1;1;41
126;1;1;142
126;1;1;22
126;1;1;118
127;1;1;220
127;1;1;1
127;1;1;96
129;1;1;37
130;1;1;122
131;1;1;54
132;1;1;152
132;1;1;129
132;1;1;110
132;1;1;120
133;1;1;221
133;1;1;47
134;1;1;125
135;1;1;237
135;1;1;234
137;1;1;38
137;1;1;109
139;1;1;213
141;1;1;78
141;1;1;224
141;1;1;91
141;1;1;34
141;1;1;120
142;1;1;6
142;1;1;152
142;1;1;126
142;1;1;242
142;1;1;198
142;1;1;110
143;1;1;150
144;1;1;218
144;1;1;212
144;1;1;118
144;1;1;242
146;1;1;115
147;1;1;64
147;1;1;50
147;1;1;9
147;1;1;225
147;1;1;20
149;1;1;70
151;1;1;66
152;1;1;142
153;1;1;83
153;1;1;65
153;1;1;187
153;1;1;6
158;1;1;173
158;1;1;97
160;1;1;177
160;1;1;56
160;1;1;213
161;1;1;101
161;1;1;108
161;1;1;214
161;1;1;231
164;1;1;217
165;1;1;188
165;1;1;188
165;1;1;64
165;1;1;94
165;1;1;234
165;1;1;135
165;1;1;234
166;1;1;149
168;1;1;135
168;1;1;46
168;1;1;46
170;1;1;171
170;1;1;195
171;1;1;98
171;1;1;43
171;1;1;135
171;1;1;234
172;1;1;8
173;1;1;137
173;1;1;98
173;1;1;16
176;1;1;97
176;1;1;74
176;1;1;210
176;1;1;139
177;1;1;199
177;1;1;137
177;1;1;43
177;1;1;101
178;1;1;48
178;1;1;110
178;1;1;209
178;1;1;37
178;1;1;62
178;1;1;144
185;1;1;232
185;1;1;117
185;1;1;173
186;1;1;122
186;1;1;38
187;1;1;129
187;1;1;37
188;1;1;75
188;1;1;177
188;1;1;239
190;1;1;71
190;1;1;133
191;1;1;126
191;1;1;187
192;1;1;143
192;1;1;96
192;1;1;226
195;1;1;122
195;1;1;230
198;1;1;129
198;1;1;187
198;1;1;153
198;1;1;29
198;1;1;126
198;1;1;118
198;1;1;132
198;1;1;83
198;1;1;6
199;1;1;12
199;1;1;235
199;1;1;188
200;1;1;132
200;1;1;209
204;1;1;124
205;1;1;70
205;1;1;133
206;1;1;60
209;1;1;51
210;1;1;234
210;1;1;170
212;1;1;191
212;1;1;218
212;1;1;243
213;1;1;177
213;1;1;70
213;1;1;56
213;1;1;147
213;1;1;70
214;1;1;12
215;1;1;149
218;1;1;126
218;1;1;71
218;1;1;71
218;1;1;118
218;1;1;133
218;1;1;118
218;1;1;178
218;1;1;126
219;1;1;113
219;1;1;16
219;1;1;214
219;1;1;231
219;1;1;78
220;1;1;164
221;1;1;152
221;1;1;22
223;1;1;88
223;1;1;165
223;1;1;211
223;1;1;93
224;1;1;3
224;1;1;39
224;1;1;68
224;1;1;153
225;1;1;116
226;1;1;101
229;1;1;79
229;1;1;218
229;1;1;71
229;1;1;243
229;1;1;129
230;1;1;116
230;1;1;98
231;1;1;185
232;1;1;50
232;1;1;167
234;1;1;64
234;1;1;95
234;1;1;165
234;1;1;150
234;1;1;237
234;1;1;165
235;1;1;231
236;1;1;73
236;1;1;73
237;1;1;165
237;1;1;64
238;1;1;155
238;1;1;102
238;1;1;96
238;1;1;216
239;1;1;158
239;1;1;80
239;1;1;188
239;1;1;165
240;1;1;102
240;1;1;169
242;1;1;51
242;1;1;62
242;1;1;144
242;1;1;144
242;1;1;78
242;1;1;91
242;1;1;48
242;1;1;212
242;1;1;110
242;1;1;243
243;1;1;120
243;1;1;91
243;1;1;144
1;1;0;114
2;1;0;75
3;1;0;129
3;1;0;187
3;1;0;221
5;1;0;97
6;1;0;71
6;1;0;125
6;1;0;37
7;1;0;31
8;1;0;60
8;1;0;31
8;1;0;90
9;1;0;101
9;1;0;20
9;1;0;232
9;1;0;106
9;1;0;95
9;1;0;232
9;1;0;43
11;1;0;227
12;1;0;86
13;1;0;139
13;1;0;177
13;1;0;137
14;1;0;169
14;1;0;160
16;1;0;108
17;1;0;204
17;1;0;204
17;1;0;146
18;1;0;11
18;1;0;54
19;1;0;150
20;1;0;224
20;1;0;177
20;1;0;107
22;1;0;126
22;1;0;79
22;1;0;153
26;1;0;167
26;1;0;43
29;1;0;35
29;1;0;243
29;1;0;34
30;1;0;188
30;1;0;46
30;1;0;64
30;1;0;43
30;1;0;95
30;1;0;50
30;1;0;46
33;1;0;19
33;1;0;185
34;1;0;229
34;1;0;83
35;1;0;183
35;1;0;59
36;1;0;32
36;1;0;143
36;1;0;1
37;1;0;137
37;1;0;62
37;1;0;132
37;1;0;141
38;1;0;90
38;1;0;95
39;1;0;142
42;1;0;191
42;1;0;65
43;1;0;94
43;1;0;66
43;1;0;232
44;1;0;199
44;1;0;235
46;1;0;50
46;1;0;26
47;1;0;29
47;1;0;132
48;1;0;92
49;1;0;181
50;1;0;232
50;1;0;94
50;1;0;151
50;1;0;165
51;1;0;83
51;1;0;209
51;1;0;152
52;1;0;12
52;1;0;137
52;1;0;230
52;1;0;112
53;1;0;100
53;1;0;90
54;1;0;223
58;1;0;213
58;1;0;10
58;1;0;165
61;1;0;151
62;1;0;132
62;1;0;142
62;1;0;141
62;1;0;34
65;1;0;110
65;1;0;153
65;1;0;224
65;1;0;229
65;1;0;83
65;1;0;141
65;1;0;240
65;1;0;120
65;1;0;229
66;1;0;54
66;1;0;151
67;1;0;58
67;1;0;160
67;1;0;171
67;1;0;195
68;1;0;141
68;1;0;48
70;1;0;195
70;1;0;108
70;1;0;122
70;1;0;55
72;1;0;5
73;1;0;196
74;1;0;72
74;1;0;98
75;1;0;203
75;1;0;213
76;1;0;205
78;1;0;6
79;1;0;132
80;1;0;186
80;1;0;55
82;1;0;43
82;1;0;67
83;1;0;48
83;1;0;62
83;1;0;3
83;1;0;221
83;1;0;229
83;1;0;129
84;1;0;130
87;1;0;93
89;1;0;226
90;1;0;53
90;1;0;66
91;1;0;153
91;1;0;243
92;1;0;110
92;1;0;144
94;1;0;95
95;1;0;151
95;1;0;151
96;1;0;89
97;1;0;2
97;1;0;74
97;1;0;72
97;1;0;50
98;1;0;70
98;1;0;52
99;1;0;89
99;1;0;114
100;1;0;36
101;1;0;199
101;1;0;231
101;1;0;199
101;1;0;44
102;1;0;235
102;1;0;62
102;1;0;238
102;1;0;108
102;1;0;231
103;1;0;80
103;1;0;82
103;1;0;210
103;1;0;80
105;1;0;2
105;1;0;130
105;1;0;33
105;1;0;186
105;1;0;213
105;1;0;104
106;1;0;38
106;1;0;66
106;1;0;211
107;1;0;55
107;1;0;106
107;1;0;155
108;1;0;80
108;1;0;113
109;1;0;14
110;1;0;47
110;1;0;39
110;1;0;142
110;1;0;119
110;1;0;218
112;1;0;161
114;1;0;143
114;1;0;108
114;1;0;226
114;1;0;124
116;1;0;122
118;1;0;110
118;1;0;218
118;1;0;132
118;1;0;47
118;1;0;243
119;1;0;118
119;1;0;224
119;1;0;191
120;1;0;224
120;1;0;178
120;1;0;91
120;1;0;183
121;1;0;182
122;1;0;74
122;1;0;70
123;1;0;77
123;1;0;86
123;1;0;19
125;1;0;126
126;1;0;218
126;1;0;212
126;1;0;47
129;1;0;51
129;1;0;68
132;1;0;133
132;1;0;68
132;1;0;187
132;1;0;22
133;1;0;142
133;1;0;178
135;1;0;37
135;1;0;165
135;1;0;64
135;1;0;167
135;1;0;165
135;1;0;167
135;1;0;43
135;1;0;98
135;1;0;83
135;1;0;95
135;1;0;165
135;1;0;28
139;1;0;83
139;1;0;176
140;1;0;233
141;1;0;120
141;1;0;34
141;1;0;74
141;1;0;51
141;1;0;224
142;1;0;78
142;1;0;133
142;1;0;118
143;1;0;127
143;1;0;127
143;1;0;124
144;1;0;48
144;1;0;152
144;1;0;212
144;1;0;243
146;1;0;204
147;1;0;83
150;1;0;196
151;1;0;211
151;1;0;53
151;1;0;165
152;1;0;144
153;1;0;28
153;1;0;129
153;1;0;218
153;1;0;242
155;1;0;240
155;1;0;102
158;1;0;116
158;1;0;195
158;1;0;150
160;1;0;158
161;1;0;113
161;1;0;240
161;1;0;89
161;1;0;226
161;1;0;240
161;1;0;113
161;1;0;16
161;1;0;164
164;1;0;114
164;1;0;169
165;1;0;66
165;1;0;94
165;1;0;66
165;1;0;50
167;1;0;106
168;1;0;90
168;1;0;237
168;1;0;167
168;1;0;167
169;1;0;114
170;1;0;188
170;1;0;158
171;1;0;10
171;1;0;58
172;1;0;87
173;1;0;12
173;1;0;3
173;1;0;195
173;1;0;44
173;1;0;214
175;1;0;133
176;1;0;72
176;1;0;122
176;1;0;10
177;1;0;194
177;1;0;213
177;1;0;171
177;1;0;83
177;1;0;176
178;1;0;78
178;1;0;62
178;1;0;51
178;1;0;68
184;1;0;71
185;1;0;100
185;1;0;240
185;1;0;219
185;1;0;102
185;1;0;107
186;1;0;80
186;1;0;103
186;1;0;158
186;1;0;173
186;1;0;58
186;1;0;195
186;1;0;194
187;1;0;78
188;1;0;80
191;1;0;212
191;1;0;78
191;1;0;209
192;1;0;1
192;1;0;36
194;1;0;130
194;1;0;56
194;1;0;195
194;1;0;160
195;1;0;210
195;1;0;70
195;1;0;77
195;1;0;194
196;1;0;215
198;1;0;242
198;1;0;187
198;1;0;6
198;1;0;65
198;1;0;144
198;1;0;29
199;1;0;161
199;1;0;150
199;1;0;117
199;1;0;214
199;1;0;137
199;1;0;116
200;1;0;68
203;1;0;105
203;1;0;230
203;1;0;56
205;1;0;8
205;1;0;211
205;1;0;87
208;1;0;54
208;1;0;60
209;1;0;153
209;1;0;191
209;1;0;35
209;1;0;71
209;1;0;132
210;1;0;106
210;1;0;116
210;1;0;19
211;1;0;76
211;1;0;11
211;1;0;93
212;1;0;91
212;1;0;125
212;1;0;62
213;1;0;105
213;1;0;58
214;1;0;192
214;1;0;235
215;1;0;196
216;1;0;192
217;1;0;1
217;1;0;1
218;1;0;243
218;1;0;126
219;1;0;238
219;1;0;96
219;1;0;192
219;1;0;110
221;1;0;229
221;1;0;242
221;1;0;229
223;1;0;8
223;1;0;165
224;1;0;187
224;1;0;221
224;1;0;65
225;1;0;98
225;1;0;139
225;1;0;52
226;1;0;89
229;1;0;125
229;1;0;190
229;1;0;83
229;1;0;35
229;1;0;178
229;1;0;47
229;1;0;48
229;1;0;65
230;1;0;137
230;1;0;77
230;1;0;55
230;1;0;239
230;1;0;74
231;1;0;80
231;1;0;161
231;1;0;108
231;1;0;143
231;1;0;235
231;1;0;102
232;1;0;158
232;1;0;106
232;1;0;168
234;1;0;94
234;1;0;38
234;1;0;64
234;1;0;167
234;1;0;106
235;1;0;164
235;1;0;155
235;1;0;240
235;1;0;169
235;1;0;16
235;1;0;34
235;1;0;214
235;1;0;108
235;1;0;173
236;1;0;149
237;1;0;50
239;1;0;20
239;1;0;158
239;1;0;13
242;1;0;39
243;1;0;242
7;0;10;61
220;0;10;185
228;0;10;236
121;0;8;203
159;0;8;138
181;0;8;166
182;0;8;82
182;0;8;160
222;0;8;196
31;0;7;60
84;0;7;170
84;0;7;82
96;0;7;9
121;0;7;177
135;0;7;43
233;0;7;93
1;0;6;214
1;0;6;107
16;0;6;46
24;0;6;44
31;0;6;208
36;0;6;214
44;0;6;239
59;0;6;212
72;0;6;171
84;0;6;186
84;0;6;20
84;0;6;70
89;0;6;101
112;0;6;52
127;0;6;164
182;0;6;67
182;0;6;56
192;0;6;9
208;0;6;234
227;0;6;76
10;0;5;176
15;0;5;23
84;0;5;116
87;0;5;165
113;0;5;161
115;0;5;199
121;0;5;13
152;0;5;224
198;0;5;30
206;0;5;106
236;0;5;150
7;0;4;208
7;0;4;172
12;0;4;30
16;0;4;235
17;0;4;108
17;0;4;12
19;0;4;213
26;0;4;64
36;0;4;192
37;0;4;52
37;0;4;46
44;0;4;46
59;0;4;209
60;0;4;131
66;0;4;10
79;0;4;198
80;0;4;170
84;0;4;103
84;0;4;28
97;0;4;20
107;0;4;30
121;0;4;105
123;0;4;203
124;0;4;143
130;0;4;67
142;0;4;243
150;0;4;171
161;0;4;12
182;0;4;210
183;0;4;229
185;0;4;137
190;0;4;142
197;0;4;218
208;0;4;90
208;0;4;131
212;0;4;242
225;0;4;30
231;0;4;235
233;0;4;18
234;0;4;9
240;0;4;16
2;0;3;104
5;0;3;137
5;0;3;28
6;0;3;34
7;0;3;151
10;0;3;75
10;0;3;2
12;0;3;203
21;0;3;50
24;0;3;173
24;0;3;1
24;0;3;17
24;0;3;99
30;0;3;147
32;0;3;36
38;0;3;135
41;0;3;125
43;0;3;167
47;0;3;133
55;0;3;20
59;0;3;224
61;0;3;53
64;0;3;30
72;0;3;176
74;0;3;213
78;0;3;51
83;0;3;242
84;0;3;80
95;0;3;210
97;0;3;177
99;0;3;101
104;0;3;239
104;0;3;2
109;0;3;98
109;0;3;139
116;0;3;98
116;0;3;171
116;0;3;210
117;0;3;199
121;0;3;77
122;0;3;67
122;0;3;186
123;0;3;230
123;0;3;28
127;0;3;214
128;0;3;44
128;0;3;164
129;0;3;198
130;0;3;160
130;0;3;70
131;0;3;94
137;0;3;188
138;0;3;115
139;0;3;177
143;0;3;161
151;0;3;234
151;0;3;61
152;0;3;37
158;0;3;52
160;0;3;82
161;0;3;232
172;0;3;38
176;0;3;170
176;0;3;147
177;0;3;239
182;0;3;2
182;0;3;158
184;0;3;141
192;0;3;107
192;0;3;16
196;0;3;149
200;0;3;129
200;0;3;71
209;0;3;198
214;0;3;107
217;0;3;12
218;0;3;35
218;0;3;229
219;0;3;185
220;0;3;127
221;0;3;153
222;0;3;49
222;0;3;181
225;0;3;98
237;0;3;95
238;0;3;219
2;0;2;188
2;0;2;203
5;0;2;171
6;0;2;62
6;0;2;118
6;0;2;133
8;0;2;131
9;0;2;64
11;0;2;76
11;0;2;18
11;0;2;205
13;0;2;147
13;0;2;97
16;0;2;164
18;0;2;106
18;0;2;76
19;0;2;230
20;0;2;105
20;0;2;203
24;0;2;128
24;0;2;164
26;0;2;232
28;0;2;65
29;0;2;187
29;0;2;65
29;0;2;34
29;0;2;198
29;0;2;198
31;0;2;227
32;0;2;216
34;0;2;78
35;0;2;187
36;0;2;107
36;0;2;96
36;0;2;100
37;0;2;43
39;0;2;34
39;0;2;187
42;0;2;78
44;0;2;12
44;0;2;199
44;0;2;98
44;0;2;188
46;0;2;43
48;0;2;198
48;0;2;153
48;0;2;187
50;0;2;234
51;0;2;141
51;0;2;242
53;0;2;234
54;0;2;106
54;0;2;135
56;0;2;225
56;0;2;225
59;0;2;221
60;0;2;206
60;0;2;38
62;0;2;37
64;0;2;46
66;0;2;203
66;0;2;9
69;0;2;29
70;0;2;74
70;0;2;86
70;0;2;20
71;0;2;129
72;0;2;210
73;0;2;150
73;0;2;70
74;0;2;176
74;0;2;70
75;0;2;203
77;0;2;37
77;0;2;194
77;0;2;230
77;0;2;33
78;0;2;68
78;0;2;132
80;0;2;82
82;0;2;75
84;0;2;70
86;0;2;199
86;0;2;158
86;0;2;188
87;0;2;18
89;0;2;155
92;0;2;34
95;0;2;225
95;0;2;90
95;0;2;135
96;0;2;16
97;0;2;213
98;0;2;213
100;0;2;214
102;0;2;168
106;0;2;165
106;0;2;94
107;0;2;232
112;0;2;230
114;0;2;128
115;0;2;169
115;0;2;1
115;0;2;117
115;0;2;113
116;0;2;147
116;0;2;72
116;0;2;97
118;0;2;212
119;0;2;132
121;0;2;213
121;0;2;2
122;0;2;195
123;0;2;171
123;0;2;2
123;0;2;39
124;0;2;99
126;0;2;3
128;0;2;217
128;0;2;240
130;0;2;98
131;0;2;165
133;0;2;132
133;0;2;198
133;0;2;83
137;0;2;213
137;0;2;139
137;0;2;239
138;0;2;216
142;0;2;125
143;0;2;164
143;0;2;199
143;0;2;117
143;0;2;219
144;0;2;187
151;0;2;66
151;0;2;106
153;0;2;62
153;0;2;198
160;0;2;105
162;0;2;164
165;0;2;30
168;0;2;30
171;0;2;39
173;0;2;168
177;0;2;51
178;0;2;187
182;0;2;122
182;0;2;195
182;0;2;5
182;0;2;137
184;0;2;22
184;0;2;37
185;0;2;80
185;0;2;199
185;0;2;161
187;0;2;3
190;0;2;110
190;0;2;3
191;0;2;62
191;0;2;132
197;0;2;152
198;0;2;6
198;0;2;187
203;0;2;43
206;0;2;87
209;0;2;229
210;0;2;67
210;0;2;28
212;0;2;243
213;0;2;20
216;0;2;36
216;0;2;219
216;0;2;102
218;0;2;65
219;0;2;107
223;0;2;101
223;0;2;50
224;0;2;187
226;0;2;169
230;0;2;158
230;0;2;52
231;0;2;107
234;0;2;46
234;0;2;50
237;0;2;30
240;0;2;169
2;0;1;176
2;0;1;171
2;0;1;210
2;0;1;105
3;0;1;242
5;0;1;100
5;0;1;68
5;0;1;205
5;0;1;137
5;0;1;116
5;0;1;173
6;0;1;37
8;0;1;70
9;0;1;171
9;0;1;167
12;0;1;199
13;0;1;103
14;0;1;160
14;0;1;158
14;0;1;19
16;0;1;108
16;0;1;155
17;0;1;217
18;0;1;233
19;0;1;203
21;0;1;95
23;0;1;90
23;0;1;61
24;0;1;96
26;0;1;135
29;0;1;132
30;0;1;46
30;0;1;168
30;0;1;9
33;0;1;52
33;0;1;160
33;0;1;75
34;0;1;243
36;0;1;143
36;0;1;1
36;0;1;108
37;0;1;51
37;0;1;48
38;0;1;46
39;0;1;141
39;0;1;120
39;0;1;229
42;0;1;218
43;0;1;82
44;0;1;109
44;0;1;214
46;0;1;237
46;0;1;9
47;0;1;229
47;0;1;34
48;0;1;37
50;0;1;199
50;0;1;198
51;0;1;144
54;0;1;66
55;0;1;239
55;0;1;20
56;0;1;234
56;0;1;186
58;0;1;171
58;0;1;139
59;0;1;119
61;0;1;208
62;0;1;78
62;0;1;110
65;0;1;224
65;0;1;187
65;0;1;108
66;0;1;165
68;0;1;129
70;0;1;67
70;0;1;210
70;0;1;188
71;0;1;48
71;0;1;83
71;0;1;242
71;0;1;178
72;0;1;97
74;0;1;97
74;0;1;98
74;0;1;52
75;0;1;82
76;0;1;211
77;0;1;203
77;0;1;117
78;0;1;178
78;0;1;48
78;0;1;42
78;0;1;22
79;0;1;187
79;0;1;37
80;0;1;239
86;0;1;176
86;0;1;72
86;0;1;74
86;0;1;19
87;0;1;206
88;0;1;131
88;0;1;54
94;0;1;106
94;0;1;106
94;0;1;168
94;0;1;50
95;0;1;66
95;0;1;165
95;0;1;106
95;0;1;50
96;0;1;155
96;0;1;117
97;0;1;171
98;0;1;43
100;0;1;37
101;0;1;102
102;0;1;113
102;0;1;101
102;0;1;107
102;0;1;214
103;0;1;98
103;0;1;188
104;0;1;20
104;0;1;77
104;0;1;203
105;0;1;50
105;0;1;232
105;0;1;171
105;0;1;103
106;0;1;237
108;0;1;113
108;0;1;199
108;0;1;102
108;0;1;214
109;0;1;225
110;0;1;92
112;0;1;74
113;0;1;16
113;0;1;199
113;0;1;199
115;0;1;99
115;0;1;36
116;0;1;109
117;0;1;113
118;0;1;212
118;0;1;34
119;0;1;51
120;0;1;224
120;0;1;153
121;0;1;104
121;0;1;5
122;0;1;67
123;0;1;213
124;0;1;146
124;0;1;133
126;0;1;118
126;0;1;125
127;0;1;238
128;0;1;173
128;0;1;96
129;0;1;132
130;0;1;105
130;0;1;33
130;0;1;52
130;0;1;195
130;0;1;123
132;0;1;229
132;0;1;37
132;0;1;119
132;0;1;91
133;0;1;126
133;0;1;6
133;0;1;6
135;0;1;28
135;0;1;28
135;0;1;171
135;0;1;106
137;0;1;170
137;0;1;121
137;0;1;13
138;0;1;220
139;0;1;58
141;0;1;232
141;0;1;51
141;0;1;51
142;0;1;242
142;0;1;178
143;0;1;192
143;0;1;99
144;0;1;83
144;0;1;91
146;0;1;204
147;0;1;98
147;0;1;75
149;0;1;196
151;0;1;26
153;0;1;51
153;0;1;229
155;0;1;113
155;0;1;199
158;0;1;82
158;0;1;210
160;0;1;70
160;0;1;97
160;0;1;19
161;0;1;150
161;0;1;231
165;0;1;232
165;0;1;135
165;0;1;95
167;0;1;46
167;0;1;237
168;0;1;237
169;0;1;240
169;0;1;219
169;0;1;220
170;0;1;186
170;0;1;135
171;0;1;2
171;0;1;75
171;0;1;33
172;0;1;93
172;0;1;61
173;0;1;101
173;0;1;235
173;0;1;101
173;0;1;56
176;0;1;2
177;0;1;13
177;0;1;171
177;0;1;9
178;0;1;83
178;0;1;78
178;0;1;120
182;0;1;14
184;0;1;125
185;0;1;44
186;0;1;147
190;0;1;243
190;0;1;133
190;0;1;134
190;0;1;35
190;0;1;125
192;0;1;117
194;0;1;19
194;0;1;67
195;0;1;46
195;0;1;225
196;0;1;73
196;0;1;149
198;0;1;218
199;0;1;224
199;0;1;20
199;0;1;232
203;0;1;82
203;0;1;80
204;0;1;24
208;0;1;205
209;0;1;48
209;0;1;242
209;0;1;153
213;0;1;74
213;0;1;20
216;0;1;96
216;0;1;32
217;0;1;114
218;0;1;212
219;0;1;155
219;0;1;199
220;0;1;231
220;0;1;127
221;0;1;229
221;0;1;126
223;0;1;165
223;0;1;94
223;0;1;135
224;0;1;120
224;0;1;37
225;0;1;52
229;0;1;221
229;0;1;242
229;0;1;242
229;0;1;48
229;0;1;144
230;0;1;194
230;0;1;203
230;0;1;170
230;0;1;130
231;0;1;214
231;0;1;12
231;0;1;94
232;0;1;237
234;0;1;82
234;0;1;50
234;0;1;46
235;0;1;161
235;0;1;161
235;0;1;101
235;0;1;101
236;0;1;196
236;0;1;70
237;0;1;167
237;0;1;101
239;0;1;103
240;0;1;155
240;0;1;164
240;0;1;16
242;0;1;126
242;0;1;144
242;0;1;142
242;0;1;209
243;0;1;153
243;0;1;242
243;0;1;129
1;0;0;114
1;0;0;115
2;0;0;141
5;0;0;72
6;0;0;29
6;0;0;78
6;0;0;218
6;0;0;34
9;0;0;210
9;0;0;168
10;0;0;58
10;0;0;19
13;0;0;194
14;0;0;235
14;0;0;52
14;0;0;5
14;0;0;137
16;0;0;102
16;0;0;173
16;0;0;161
16;0;0;108
16;0;0;114
16;0;0;192
16;0;0;108
16;0;0;113
16;0;0;164
17;0;0;146
17;0;0;24
19;0;0;78
19;0;0;77
19;0;0;75
20;0;0;239
21;0;0;40
26;0;0;30
28;0;0;86
29;0;0;224
30;0;0;135
30;0;0;64
34;0;0;153
35;0;0;29
35;0;0;209
37;0;0;48
37;0;0;152
37;0;0;71
37;0;0;51
37;0;0;78
37;0;0;153
38;0;0;50
38;0;0;95
39;0;0;62
39;0;0;242
41;0;0;92
43;0;0;135
43;0;0;26
44;0;0;77
44;0;0;95
44;0;0;164
44;0;0;96
44;0;0;101
44;0;0;173
46;0;0;168
46;0;0;43
47;0;0;243
47;0;0;118
47;0;0;83
48;0;0;62
48;0;0;6
50;0;0;67
50;0;0;167
50;0;0;167
50;0;0;66
50;0;0;151
50;0;0;165
51;0;0;37
51;0;0;243
51;0;0;221
52;0;0;171
53;0;0;223
54;0;0;76
54;0;0;53
54;0;0;151
55;0;0;158
55;0;0;70
55;0;0;139
56;0;0;158
56;0;0;14
58;0;0;2
58;0;0;103
60;0;0;93
60;0;0;31
61;0;0;8
64;0;0;75
66;0;0;90
66;0;0;38
66;0;0;38
67;0;0;95
67;0;0;82
67;0;0;30
68;0;0;34
70;0;0;160
70;0;0;116
71;0;0;126
71;0;0;229
72;0;0;97
72;0;0;116
74;0;0;240
75;0;0;51
75;0;0;123
76;0;0;211
77;0;0;12
77;0;0;225
78;0;0;35
78;0;0;51
78;0;0;141
78;0;0;141
78;0;0;242
78;0;0;129
79;0;0;132
79;0;0;129
82;0;0;170
82;0;0;9
82;0;0;170
83;0;0;229
84;0;0;121
86;0;0;153
86;0;0;153
86;0;0;70
86;0;0;52
87;0;0;208
89;0;0;124
89;0;0;161
90;0;0;23
90;0;0;135
91;0;0;126
94;0;0;205
94;0;0;165
95;0;0;12
96;0;0;89
96;0;0;44
96;0;0;108
97;0;0;86
97;0;0;176
97;0;0;51
98;0;0;109
99;0;0;146
100;0;0;240
100;0;0;172
100;0;0;73
101;0;0;19
101;0;0;153
102;0;0;199
103;0;0;158
103;0;0;67
103;0;0;239
105;0;0;103
105;0;0;82
105;0;0;213
107;0;0;86
107;0;0;192
108;0;0;117
108;0;0;114
108;0;0;102
108;0;0;117
109;0;0;116
109;0;0;34
109;0;0;176
110;0;0;35
110;0;0;118
110;0;0;71
110;0;0;133
110;0;0;126
110;0;0;120
110;0;0;183
110;0;0;35
112;0;0;94
113;0;0;117
113;0;0;231
114;0;0;1
114;0;0;117
117;0;0;164
118;0;0;212
118;0;0;6
118;0;0;198
118;0;0;29
120;0;0;178
120;0;0;221
120;0;0;218
121;0;0;139
123;0;0;39
123;0;0;137
125;0;0;6
125;0;0;243
125;0;0;6
126;0;0;133
126;0;0;6
127;0;0;169
127;0;0;143
127;0;0;96
127;0;0;17
127;0;0;124
128;0;0;164
129;0;0;78
129;0;0;65
129;0;0;141
129;0;0;51
130;0;0;137
131;0;0;211
131;0;0;223
135;0;0;153
135;0;0;26
135;0;0;95
135;0;0;50
135;0;0;95
135;0;0;106
139;0;0;101
139;0;0;19
140;0;0;27
141;0;0;173
141;0;0;51
142;0;0;83
143;0;0;220
143;0;0;127
143;0;0;100
144;0;0;190
144;0;0;126
146;0;0;99
146;0;0;240
146;0;0;169
149;0;0;150
150;0;0;198
150;0;0;168
151;0;0;205
152;0;0;242
152;0;0;34
152;0;0;35
152;0;0;212
153;0;0;178
155;0;0;169
158;0;0;176
160;0;0;231
160;0;0;213
160;0;0;14
161;0;0;74
161;0;0;108
162;0;0;240
164;0;0;231
164;0;0;185
165;0;0;38
165;0;0;237
165;0;0;90
165;0;0;135
165;0;0;21
167;0;0;231
167;0;0;9
169;0;0;127
169;0;0;1
169;0;0;219
169;0;0;192
169;0;0;127
170;0;0;86
170;0;0;122
170;0;0;232
171;0;0;86
171;0;0;13
171;0;0;75
173;0;0;113
173;0;0;16
173;0;0;77
175;0;0;125
176;0;0;9
176;0;0;33
176;0;0;86
176;0;0;203
176;0;0;58
177;0;0;109
178;0;0;218
178;0;0;120
178;0;0;209
182;0;0;70
185;0;0;195
187;0;0;224
187;0;0;229
187;0;0;229
187;0;0;34
191;0;0;37
191;0;0;51
192;0;0;96
192;0;0;127
194;0;0;230
194;0;0;116
194;0;0;158
194;0;0;67
195;0;0;67
196;0;0;236
196;0;0;73
198;0;0;153
198;0;0;48
198;0;0;79
198;0;0;37
198;0;0;6
199;0;0;235
199;0;0;155
199;0;0;101
200;0;0;142
200;0;0;209
200;0;0;229
200;0;0;35
205;0;0;206
205;0;0;94
206;0;0;208
206;0;0;60
208;0;0;60
209;0;0;141
210;0;0;75
210;0;0;158
212;0;0;153
213;0;0;195
214;0;0;199
214;0;0;101
215;0;0;149
216;0;0;155
217;0;0;214
217;0;0;240
218;0;0;126
218;0;0;153
220;0;0;146
221;0;0;224
221;0;0;125
223;0;0;151
223;0;0;234
224;0;0;132
224;0;0;120
225;0;0;86
225;0;0;177
229;0;0;126
229;0;0;34
229;0;0;110
229;0;0;83
229;0;0;35
229;0;0;51
230;0;0;122
231;0;0;12
231;0;0;161
231;0;0;185
232;0;0;9
234;0;0;188
234;0;0;28
235;0;0;16
235;0;0;102
235;0;0;199
237;0;0;46
237;0;0;232
238;0;0;192
238;0;0;108
238;0;0;1
239;0;0;28
239;0;0;104
240;0;0;42
240;0;0;16
240;0;0;173
242;0;0;142
242;0;0;92
242;0;0;129
242;0;0;71
243;0;0;141
243;0;0;229
243;0;0;242
243;0;0;125
